﻿<?xml version="1.0" encoding="utf-8" standalone="yes" ?>
<Window size="1000,700" sizebox="4,4,6,6" caption="0,0,0,90" mininfo="1000,700" roundcorner="5,5">
    <Font name="微软雅黑,雅黑,宋体" size="12" bold="false" default="true" />
	<Font name="微软雅黑,雅黑,宋体" size="12" bold="true"  />
    <Font name="微软雅黑,雅黑,宋体" size="18" bold="false"  />
    <Default name="VScrollBar" value="button1normalimage=&quot;file='scrollbar.bmp' source='0,90,16,106' mask='#FFFF00FF'&quot; button1hotimage=&quot;file='scrollbar.bmp' source='18,90,34,106' mask='#FFFF00FF'&quot; button1pushedimage=&quot;file='scrollbar.bmp' source='36,90,52,106' mask='#FFFF00FF'&quot; button1disabledimage=&quot;file='scrollbar.bmp' source='54,90,70,106' mask='#FFFF00FF'&quot; button2normalimage=&quot;file='scrollbar.bmp' source='0,108,16,124' mask='#FFFF00FF'&quot; button2hotimage=&quot;file='scrollbar.bmp' source='18,108,34,124' mask='#FFFF00FF'&quot; button2pushedimage=&quot;file='scrollbar.bmp' source='36,108,52,124' mask='#FFFF00FF'&quot; button2disabledimage=&quot;file='scrollbar.bmp' source='54,108,70,124' mask='#FFFF00FF'&quot; thumbnormalimage=&quot;file='scrollbar.bmp' source='0,126,16,142' corner='2,2,2,2' mask='#FFFF00FF'&quot; thumbhotimage=&quot;file='scrollbar.bmp' source='18,126,34,142' corner='2,2,2,2' mask='#FFFF00FF'&quot; thumbpushedimage=&quot;file='scrollbar.bmp' source='36,126,52,142' corner='2,2,2,2' mask='#FFFF00FF'&quot; thumbdisabledimage=&quot;file='scrollbar.bmp' source='54,126,70,142' corner='2,2,2,2' mask='#FFFF00FF'&quot; railnormalimage=&quot;file='scrollbar.bmp' source='0,144,16,160' corner='2,2,2,2' mask='#FFFF00FF'&quot; railhotimage=&quot;file='scrollbar.bmp' source='18,144,34,160' corner='2,2,2,2' mask='#FFFF00FF'&quot; railpushedimage=&quot;file='scrollbar.bmp' source='36,144,52,160' corner='2,2,2,2' mask='#FFFF00FF'&quot; raildisabledimage=&quot;file='scrollbar.bmp' source='54,144,70,160' corner='2,2,2,2' mask='#FFFF00FF'&quot; bknormalimage=&quot;file='scrollbar.bmp' source='0,162,16,178' corner='2,2,2,2' mask='#FFFF00FF'&quot; bkhotimage=&quot;file='scrollbar.bmp' source='18,162,34,178' corner='2,2,2,2' mask='#FFFF00FF'&quot; bkpushedimage=&quot;file='scrollbar.bmp' source='36,162,52,178' corner='2,2,2,2' mask='#FFFF00FF'&quot; bkdisabledimage=&quot;file='scrollbar.bmp' source='54,162,70,178' corner='2,2,2,2' mask='#FFFF00FF'&quot; " />
    <Default name="HScrollBar" value="button1normalimage=&quot;file='scrollbar.bmp' source='0,0,16,16' mask='#FFFF00FF'&quot; button1hotimage=&quot;file='scrollbar.bmp' source='18,0,34,16' mask='#FFFF00FF'&quot; button1pushedimage=&quot;file='scrollbar.bmp' source='36,0,52,16' mask='#FFFF00FF'&quot; button1disabledimage=&quot;file='scrollbar.bmp' source='54,0,70,16' mask='#FFFF00FF'&quot; button2normalimage=&quot;file='scrollbar.bmp' source='0,18,16,34' mask='#FFFF00FF'&quot; button2hotimage=&quot;file='scrollbar.bmp' source='18,18,34,34' mask='#FFFF00FF'&quot; button2pushedimage=&quot;file='scrollbar.bmp' source='36,18,52,34' mask='#FFFF00FF'&quot; button2disabledimage=&quot;file='scrollbar.bmp' source='54,18,70,34' mask='#FFFF00FF'&quot; thumbnormalimage=&quot;file='scrollbar.bmp' source='0,36,16,52' corner='2,2,2,2' mask='#FFFF00FF'&quot; thumbhotimage=&quot;file='scrollbar.bmp' source='18,36,34,52' corner='2,2,2,2' mask='#FFFF00FF'&quot; thumbpushedimage=&quot;file='scrollbar.bmp' source='36,36,52,52' corner='2,2,2,2' mask='#FFFF00FF'&quot; thumbdisabledimage=&quot;file='scrollbar.bmp' source='54,36,70,52' corner='2,2,2,2' mask='#FFFF00FF'&quot; railnormalimage=&quot;file='scrollbar.bmp' source='0,54,16,70' corner='2,2,2,2' mask='#FFFF00FF'&quot; railhotimage=&quot;file='scrollbar.bmp' source='18,54,34,70' corner='2,2,2,2' mask='#FFFF00FF'&quot; railpushedimage=&quot;file='scrollbar.bmp' source='36,54,52,70' corner='2,2,2,2' mask='#FFFF00FF'&quot; raildisabledimage=&quot;file='scrollbar.bmp' source='54,54,70,70' corner='2,2,2,2' mask='#FFFF00FF'&quot; bknormalimage=&quot;file='scrollbar.bmp' source='0,72,16,88' corner='2,2,2,2' mask='#FFFF00FF'&quot; bkhotimage=&quot;file='scrollbar.bmp' source='18,72,34,88' corner='2,2,2,2' mask='#FFFF00FF'&quot; bkpushedimage=&quot;file='scrollbar.bmp' source='36,72,52,88' corner='2,2,2,2' mask='#FFFF00FF'&quot; bkdisabledimage=&quot;file='scrollbar.bmp' source='54,72,70,88' corner='2,2,2,2' mask='#FFFF00FF'&quot; " />
	<Default name="Button" value="normalimage=&quot;file='btn_default.png' source='0,0,18,20' corner='3,3,12,14' hole='false' &quot; hotimage=&quot;file='btn_default.png' source='18,0,36,20' corner='3,3,12,14' hole='false' &quot; pushedimage=&quot;file='btn_default.png' source='36,0,54,20' corner='3,3,12,14' hole='false' &quot; disabledimage=&quot;file='btn_default.png' source='54,0,72,20' corner='3,3,12,14' hole='false' &quot; " />
	<VerticalLayout bkimage="file='bk_dlg_0.png' corner='6,57,5,46'" hole="true">
		<HorizontalLayout height="25">
			<HorizontalLayout height="25" inset="5,5,0,0">
				<Label name="logoLabel" width="20" bkimage="file='logo.png'" />
				<Control width="5" />
				<Label name="captionLabel" text="庄家管理平台 V1.0.20150529 (仅供娱乐学习使用，不可用于赌博)" textcolor="#FF447AA1" disabledtextcolor="#FFA7A6AA" font="1" />
			</HorizontalLayout>
			<HorizontalLayout width="94" height="25">
				<Button name="minBtn" maxheight="25" maxwidth="28" textcolor="#FF000000" disabledtextcolor="#FFA7A6AA" normalimage="file='btn_sys_dlg_min.png' source='0,0,28,25'" hotimage="file='btn_sys_dlg_min.png' source='28,0,56,25'" pushedimage="file='btn_sys_dlg_min.png' source='56,0,84,25'" keyboard="false"/>
				<Button name="maxBtn" maxheight="25" maxwidth="28" textcolor="#FF000000" disabledtextcolor="#FFA7A6AA" normalimage="file='btn_sys_dlg_max.png' source='0,0,28,25'" hotimage="file='btn_sys_dlg_max.png' source='28,0,56,25'" pushedimage="file='btn_sys_dlg_max.png' source='56,0,84,25'" keyboard="false"/>
				<Button name="restoreBtn" visible="false" maxheight="25" maxwidth="28" align="center" normalimage="file='btn_sys_dlg_restore.png' source='0,0,28,25'" hotimage="file='btn_sys_dlg_restore.png' source='28,0,56,25'" pushedimage="file='btn_sys_dlg_restore.png' source='56,0,84,25'" keyboard="false"/>
				<Button name="closeBtn" maxheight="25" maxwidth="38" textcolor="#FF000000" disabledtextcolor="#FFA7A6AA" normalimage="file='btn_sys_dlg_close.png' source='0,0,38,25'" hotimage="file='btn_sys_dlg_close.png' source='38,0,76,25'" pushedimage="file='btn_sys_dlg_close.png' source='76,0,114,25'"  disabledimage="file='btn_sys_dlg_close.png' source='114,0,152,25'" keyboard="false"/>
			</HorizontalLayout>
		</HorizontalLayout>
		<HorizontalLayout height="90" inset="10,5,5,5">
			<HorizontalLayout name="toolbarHL" inset="1,10,1,0">							
				<Option name="orderManageOpt" text="单子管理" selected="true" float="true" pos="0,0,0,0" width="74" height="80" textpadding="0,0,0,5" textcolor="#FF386382" disabledtextcolor="#FFA7A6AA" align="centerbottom" normalimage="opt_toolbar_normal.png" hotimage="opt_toolbar_over.png" pushedimage="opt_toolbar_down.png" group="toolbar" foreimage="file='opt_orderManage.png' dest='12,5,62,55'" selectedimage="opt_toolbar_down.png" keyboard="false" />							
				<Option name="eatCodeOpt" text="吃码利润" float="true" pos="77,0,0,0" width="74" height="80" textpadding="0,0,0,5" textcolor="#FF386382" disabledtextcolor="#FFA7A6AA" align="centerbottom" normalimage="opt_toolbar_normal.png" hotimage="opt_toolbar_over.png" pushedimage="opt_toolbar_down.png" group="toolbar" foreimage="file='opt_eatCode.png' dest='12,5,62,55'" selectedimage="opt_toolbar_down.png" keyboard="false"/>
				<Option name="rewardOpt" text="兑奖" float="true" pos="154,0,0,0" width="74" height="80" textpadding="0,0,0,5" textcolor="#FF386382" disabledtextcolor="#FFA7A6AA" align="centerbottom" normalimage="opt_toolbar_normal.png" hotimage="opt_toolbar_over.png" pushedimage="opt_toolbar_down.png" group="toolbar" foreimage="file='opt_reward.png' dest='12,5,62,55'" selectedimage="opt_toolbar_down.png" keyboard="false" visible="true" />
				<Option name="customerOpt" text="下庄管理" float="true" pos="231,0,0,0" width="74" height="80" textpadding="0,0,0,5" textcolor="#FF386382" disabledtextcolor="#FFA7A6AA" align="centerbottom" normalimage="opt_toolbar_normal.png" hotimage="opt_toolbar_over.png" pushedimage="opt_toolbar_down.png" group="toolbar" foreimage="file='opt_customer.png' dest='12,5,62,55'" selectedimage="opt_toolbar_down.png" keyboard="false" visible="true" />	
				<Option name="settingOpt" text="设置" float="true" pos="308,0,0,0" width="74" height="80" textpadding="0,0,0,5" textcolor="#FF386382" disabledtextcolor="#FFA7A6AA" align="centerbottom" normalimage="opt_toolbar_normal.png" hotimage="opt_toolbar_over.png" pushedimage="opt_toolbar_down.png" group="toolbar" foreimage="file='opt_setting.png' dest='12,5,62,55'" selectedimage="opt_toolbar_down.png" keyboard="false" visible="true" />					
			</HorizontalLayout>
		</HorizontalLayout>
		<VerticalLayout inset="1,0,1,1">
			<Control bkcolor="#ff5879a4" height="1"/>
			<HorizontalLayout>
				<TabLayout name="toolbarTL" selectedid="0" bkcolor="#fff4f8fb">
					<WndContainer name="orderManageWndContainer" wndclassname="orderManageContainer" xmlfile="orderManagePage.xml"/>
					<WndContainer name="eatCodeWndContainer" wndclassname="eatCodeContainer" xmlfile="eatCodePage.xml"/>
					<WndContainer name="rewardWndContainer" wndclassname="rewardContainer" xmlfile="rewardPage.xml"/>
					<WndContainer name="customerWndContainer" wndclassname="customerContainer" xmlfile="customerPage.xml"/>
					<WndContainer name="settingWndContainer" wndclassname="settingContainer" xmlfile="settingPage.xml"/>
				</TabLayout>							
			</HorizontalLayout>
		</VerticalLayout>
		<HorizontalLayout height="5" />		
	</VerticalLayout >
</Window>
