<?xml version="1.0" encoding="utf-8" standalone="yes" ?>
<Window sizebox="4,4,6,6" caption="0,0,0,30" size="380,180" roundcorner="5,5">
    <Font name="微软雅黑,雅黑,宋体" size="12" bold="false" default="true" />
	<Default name="Button" value="normalimage=&quot;file='btn_default.png' source='0,0,18,20' corner='3,3,12,14' hole='false' &quot; hotimage=&quot;file='btn_default.png' source='18,0,36,20' corner='3,3,12,14' hole='false' &quot; pushedimage=&quot;file='btn_default.png' source='36,0,54,20' corner='3,3,12,14' hole='false' &quot; disabledimage=&quot;file='btn_default.png' source='54,0,72,20' corner='3,3,12,14' hole='false' &quot; " />
	<HorizontalLayout name="windowHL" bkimage="file='bk_dlg_0.png' corner='6,57,5,46'" hole="true">
		<VerticalLayout >
			<HorizontalLayout height="25">
				<HorizontalLayout height="25" inset="5,5,0,0">
					<Label name="logoLabel" width="20" bkimage="file='logo.png'" />
					<Control width="5" />
					<Label name="captionLabel" text="提示" float="true" pos="22,5,0,0" width="178" height="19" textpadding="5,0,2,0" textcolor="#FF447AA1" disabledtextcolor="#FFA7A6AA" font="5" align="wrap" />
				</HorizontalLayout>
				<HorizontalLayout />
				<HorizontalLayout width="28" height="25">					
					<Button name="closeBtn" maxheight="25" maxwidth="38" textcolor="#FF000000" disabledtextcolor="#FFA7A6AA" normalimage="file='btn_sys_dlg_close.png' source='0,0,38,25'" hotimage="file='btn_sys_dlg_close.png' source='38,0,76,25'" pushedimage="file='btn_sys_dlg_close.png' source='76,0,114,25'"  disabledimage="file='btn_sys_dlg_close.png' source='114,0,152,25'" keyboard="false"/>
				</HorizontalLayout>
			</HorizontalLayout>
			<HorizontalLayout inset="20,10,20,20">
				<VerticalLayout width="64">							
					<Control height="64" name="tipIcon" bkimage="mb_info.png"/>	
					<VerticalLayout />	
				</VerticalLayout>
				<Container inset="10,5,0,0">
					<Text name="msgText" font="0"/>
				</Container>
			</HorizontalLayout>
			<VerticalLayout height="40" inset="1,1,1,1">
				<Control height="1" bkcolor="#ffd9d9d9"/>	
				<Control />
				<HorizontalLayout height="20">
					<Control /> 					
					<Button name="okBtn" text="确定" width="60" disabledtextcolor="#FFA7A6AA" /> 
					<Control name="spaceCtrl" width="20"/>
					<Button name="cancelBtn" text="取消" width="60" disabledtextcolor="#FFA7A6AA" />				
					<Control /> 
				</HorizontalLayout>
				<Control />
			</VerticalLayout>
		</VerticalLayout>
	</HorizontalLayout >
</Window>
