<?xml version="1.0" encoding="utf-8" standalone="yes" ?>
<Window>
    <Font name="微软雅黑,雅黑,宋体" size="12" bold="false" default="true" />
	<Font name="微软雅黑,雅黑,宋体" size="12" bold="true"  />
    <Font name="微软雅黑,雅黑,宋体" size="18" bold="false"  />
    <Default name="VScrollBar" value="button1normalimage=&quot;file='scrollbar.bmp' source='0,90,16,106' mask='#FFFF00FF'&quot; button1hotimage=&quot;file='scrollbar.bmp' source='18,90,34,106' mask='#FFFF00FF'&quot; button1pushedimage=&quot;file='scrollbar.bmp' source='36,90,52,106' mask='#FFFF00FF'&quot; button1disabledimage=&quot;file='scrollbar.bmp' source='54,90,70,106' mask='#FFFF00FF'&quot; button2normalimage=&quot;file='scrollbar.bmp' source='0,108,16,124' mask='#FFFF00FF'&quot; button2hotimage=&quot;file='scrollbar.bmp' source='18,108,34,124' mask='#FFFF00FF'&quot; button2pushedimage=&quot;file='scrollbar.bmp' source='36,108,52,124' mask='#FFFF00FF'&quot; button2disabledimage=&quot;file='scrollbar.bmp' source='54,108,70,124' mask='#FFFF00FF'&quot; thumbnormalimage=&quot;file='scrollbar.bmp' source='0,126,16,142' corner='2,2,2,2' mask='#FFFF00FF'&quot; thumbhotimage=&quot;file='scrollbar.bmp' source='18,126,34,142' corner='2,2,2,2' mask='#FFFF00FF'&quot; thumbpushedimage=&quot;file='scrollbar.bmp' source='36,126,52,142' corner='2,2,2,2' mask='#FFFF00FF'&quot; thumbdisabledimage=&quot;file='scrollbar.bmp' source='54,126,70,142' corner='2,2,2,2' mask='#FFFF00FF'&quot; railnormalimage=&quot;file='scrollbar.bmp' source='0,144,16,160' corner='2,2,2,2' mask='#FFFF00FF'&quot; railhotimage=&quot;file='scrollbar.bmp' source='18,144,34,160' corner='2,2,2,2' mask='#FFFF00FF'&quot; railpushedimage=&quot;file='scrollbar.bmp' source='36,144,52,160' corner='2,2,2,2' mask='#FFFF00FF'&quot; raildisabledimage=&quot;file='scrollbar.bmp' source='54,144,70,160' corner='2,2,2,2' mask='#FFFF00FF'&quot; bknormalimage=&quot;file='scrollbar.bmp' source='0,162,16,178' corner='2,2,2,2' mask='#FFFF00FF'&quot; bkhotimage=&quot;file='scrollbar.bmp' source='18,162,34,178' corner='2,2,2,2' mask='#FFFF00FF'&quot; bkpushedimage=&quot;file='scrollbar.bmp' source='36,162,52,178' corner='2,2,2,2' mask='#FFFF00FF'&quot; bkdisabledimage=&quot;file='scrollbar.bmp' source='54,162,70,178' corner='2,2,2,2' mask='#FFFF00FF'&quot; " />
    <Default name="HScrollBar" value="button1normalimage=&quot;file='scrollbar.bmp' source='0,0,16,16' mask='#FFFF00FF'&quot; button1hotimage=&quot;file='scrollbar.bmp' source='18,0,34,16' mask='#FFFF00FF'&quot; button1pushedimage=&quot;file='scrollbar.bmp' source='36,0,52,16' mask='#FFFF00FF'&quot; button1disabledimage=&quot;file='scrollbar.bmp' source='54,0,70,16' mask='#FFFF00FF'&quot; button2normalimage=&quot;file='scrollbar.bmp' source='0,18,16,34' mask='#FFFF00FF'&quot; button2hotimage=&quot;file='scrollbar.bmp' source='18,18,34,34' mask='#FFFF00FF'&quot; button2pushedimage=&quot;file='scrollbar.bmp' source='36,18,52,34' mask='#FFFF00FF'&quot; button2disabledimage=&quot;file='scrollbar.bmp' source='54,18,70,34' mask='#FFFF00FF'&quot; thumbnormalimage=&quot;file='scrollbar.bmp' source='0,36,16,52' corner='2,2,2,2' mask='#FFFF00FF'&quot; thumbhotimage=&quot;file='scrollbar.bmp' source='18,36,34,52' corner='2,2,2,2' mask='#FFFF00FF'&quot; thumbpushedimage=&quot;file='scrollbar.bmp' source='36,36,52,52' corner='2,2,2,2' mask='#FFFF00FF'&quot; thumbdisabledimage=&quot;file='scrollbar.bmp' source='54,36,70,52' corner='2,2,2,2' mask='#FFFF00FF'&quot; railnormalimage=&quot;file='scrollbar.bmp' source='0,54,16,70' corner='2,2,2,2' mask='#FFFF00FF'&quot; railhotimage=&quot;file='scrollbar.bmp' source='18,54,34,70' corner='2,2,2,2' mask='#FFFF00FF'&quot; railpushedimage=&quot;file='scrollbar.bmp' source='36,54,52,70' corner='2,2,2,2' mask='#FFFF00FF'&quot; raildisabledimage=&quot;file='scrollbar.bmp' source='54,54,70,70' corner='2,2,2,2' mask='#FFFF00FF'&quot; bknormalimage=&quot;file='scrollbar.bmp' source='0,72,16,88' corner='2,2,2,2' mask='#FFFF00FF'&quot; bkhotimage=&quot;file='scrollbar.bmp' source='18,72,34,88' corner='2,2,2,2' mask='#FFFF00FF'&quot; bkpushedimage=&quot;file='scrollbar.bmp' source='36,72,52,88' corner='2,2,2,2' mask='#FFFF00FF'&quot; bkdisabledimage=&quot;file='scrollbar.bmp' source='54,72,70,88' corner='2,2,2,2' mask='#FFFF00FF'&quot; " />
	<Default name="Button" value="normalimage=&quot;file='btn_default.png' source='0,0,18,20' corner='3,3,12,14' hole='false' &quot; hotimage=&quot;file='btn_default.png' source='18,0,36,20' corner='3,3,12,14' hole='false' &quot; pushedimage=&quot;file='btn_default.png' source='36,0,54,20' corner='3,3,12,14' hole='false' &quot; disabledimage=&quot;file='btn_default.png' source='54,0,72,20' corner='3,3,12,14' hole='false' &quot; " />
	<Default name="Edit" value="bordercolor=&quot;#ffaabbcc&quot; bordersize=&quot;1&quot; bkcolor=&quot;#fffdfdfd&quot; focusbordercolor=&quot;#ffb1d2f2&quot;" />
	<HorizontalLayout bkcolor="#fff4f8fb" inset="10,30,10,10" >
		<Control />
		<VerticalLayout width="500">
			<VerticalLayout height="150">
				<HorizontalLayout height="20">
					<Label text="五行号码" width="60"/>
					<VerticalLayout>
						<Control />
						<Control height="1" bkcolor="#ffaabbcc" />
						<Control />
					</VerticalLayout>
				</HorizontalLayout>
				<Control height="10" />
				<VerticalLayout inset="20,0,0,0">
					<HorizontalLayout height="20">
						<Label text="金" width="20" />
						<Edit name="goldEdit" width="400" userdata="wuhang"/>
					</HorizontalLayout>
					<Control height="5" />
					<HorizontalLayout height="20">
						<Label text="木" width="20" />
						<Edit name="woodEdit" width="400" userdata="wuhang"/>
					</HorizontalLayout>
					<Control height="5" />
					<HorizontalLayout height="20">
						<Label text="水" width="20" />
						<Edit name="waterEdit" width="400" userdata="wuhang"/>
					</HorizontalLayout>
					<Control height="5" />
					<HorizontalLayout height="20">
						<Label text="火" width="20" />
						<Edit name="fireEdit" width="400" userdata="wuhang"/>
					</HorizontalLayout>
					<Control height="5" />
					<HorizontalLayout height="20">
						<Label text="土" width="20" />
						<Edit name="earthEdit" width="400" userdata="wuhang"/>
					</HorizontalLayout>					
				</VerticalLayout>
			</VerticalLayout>
			
			<Control height="20" />
			<VerticalLayout height="40">
				<HorizontalLayout height="20">
					<Label text="其他" width="40"/>
					<VerticalLayout>
						<Control />
						<Control height="1" bkcolor="#ffaabbcc" />
						<Control />
					</VerticalLayout>
				</HorizontalLayout>
				<VerticalLayout height="20" inset="20,0,0,0">
					<Option name="soundCheckOpt" text="开启声音校对" textpadding="20,0,0,0" align="left"  normalimage="file='checkbox_normal.png' dest='0,5,15,20'" hotimage="file='checkbox_over.png' dest='0,5,15,20'" selectedimage="file='checkbox_check.png' dest='0,5,15,20'" disabledimage="file='checkbox_normal_disable.png' dest='0,5,15,20'" />			
				</VerticalLayout>
			</VerticalLayout>
				
			<Control height="20" />			
		</VerticalLayout>
		<Control />		
	</HorizontalLayout>	
</Window>
